2,0,0.0,0.01,1.0,15,15,15
2,0,0.0,0.02,1.0,16,20,15
2,0,0.0,0.03,1.0,16,22,15
2,0,0.0,0.04,1.0,16,16,15
2,0,0.0,0.05,1.0,16,16,15
2,0,0.0,0.060000000000000005,1.0,16,22,15
2,0,0.0,0.06999999999999999,1.0,18,24,15
2,0,0.0,0.08,1.0,16,16,15
2,0,0.0,0.09,1.0,16,16,15
2,0,0.0,0.09999999999999999,0.0,24,18,14
2,0,0.0,0.11,0.0,18,24,14
2,0,0.0,0.12,0.0,18,24,14
2,0,0.0,0.13,0.0,14,16,13
2,0,0.0,0.14,0.0,20,18,14
2,0,0.0,0.15000000000000002,0.0,19,17,14
2,0,0.0,0.16,0.0,12,14,12
2,0,0.0,0.17,0.0,14,16,13
2,0,0.0,0.18000000000000002,0.0,16,14,12
2,0,0.0,0.19,0.0,14,14,13
2,0,0.0,0.2,0.0,14,16,13
2,0,0.1,0.01,1.0,16,16,15
2,0,0.1,0.02,1.0,16,20,15
2,0,0.1,0.03,1.0,16,18,15
2,0,0.1,0.04,1.0,16,16,15
2,0,0.1,0.05,1.0,20,18,15
2,0,0.1,0.060000000000000005,1.0,18,24,15
2,0,0.1,0.06999999999999999,1.0,16,22,15
2,0,0.1,0.08,1.0,16,22,15
2,0,0.1,0.09,1.0,16,18,15
2,0,0.1,0.09999999999999999,0.0,14,14,14
2,0,0.1,0.11,0.0,16,14,14
2,0,0.1,0.12,0.0,24,18,14
2,0,0.1,0.13,1.0,16,18,15
2,0,0.1,0.14,0.0,14,22,14
2,0,0.1,0.15000000000000002,0.0,14,14,14
2,0,0.1,0.16,0.0,13,15,13
2,0,0.1,0.17,0.0,24,16,13
2,0,0.1,0.18000000000000002,0.0,14,12,12
2,0,0.1,0.19,0.0,2,2,2
2,0,0.1,0.2,0.0,22,20,13
2,0,0.2,0.01,1.0,16,16,16
2,0,0.2,0.02,1.0,16,16,15
2,0,0.2,0.03,1.0,16,18,15
2,0,0.2,0.04,1.0,16,16,15
2,0,0.2,0.05,1.0,16,16,15
2,0,0.2,0.060000000000000005,1.0,15,15,15
2,0,0.2,0.06999999999999999,1.0,16,18,15
2,0,0.2,0.08,1.0,16,16,15
2,0,0.2,0.09,1.0,18,18,15
2,0,0.2,0.09999999999999999,0.0,16,22,14
2,0,0.2,0.11,0.0,14,14,13
2,0,0.2,0.12,0.0,20,26,14
2,0,0.2,0.13,0.0,16,20,14
2,0,0.2,0.14,0.0,18,24,14
2,0,0.2,0.15000000000000002,0.0,18,24,14
2,0,0.2,0.16,0.0,13,15,13
2,0,0.2,0.17,0.0,1,1,1
2,0,0.2,0.18000000000000002,0.0,22,20,13
2,0,0.2,0.19,0.0,14,12,12
2,0,0.2,0.2,0.0,1,1,1
2,0,0.30000000000000004,0.01,1.0,16,20,15
2,0,0.30000000000000004,0.02,1.0,16,22,15
2,0,0.30000000000000004,0.03,1.0,18,18,15
2,0,0.30000000000000004,0.04,1.0,18,24,15
2,0,0.30000000000000004,0.05,1.0,18,18,15
2,0,0.30000000000000004,0.060000000000000005,1.0,18,18,15
2,0,0.30000000000000004,0.06999999999999999,1.0,15,15,15
2,0,0.30000000000000004,0.08,1.0,16,22,15
2,0,0.30000000000000004,0.09,1.0,16,16,15
2,0,0.30000000000000004,0.09999999999999999,0.0,16,16,14
2,0,0.30000000000000004,0.11,0.0,14,14,13
2,0,0.30000000000000004,0.12,0.0,18,24,14
2,0,0.30000000000000004,0.13,0.0,14,14,13
2,0,0.30000000000000004,0.14,0.0,16,20,14
2,0,0.30000000000000004,0.15000000000000002,0.0,14,15,14
2,0,0.30000000000000004,0.16,0.5,15,20,13
2,0,0.30000000000000004,0.17,0.0,11,11,10
2,0,0.30000000000000004,0.18000000000000002,0.5,20,22,13
2,0,0.30000000000000004,0.19,0.0,22,20,13
2,0,0.30000000000000004,0.2,0.0,15,13,13
2,0,0.4,0.01,1.0,16,22,15
2,0,0.4,0.02,1.0,16,22,15
2,0,0.4,0.03,1.0,18,18,15
2,0,0.4,0.04,1.0,16,16,15
2,0,0.4,0.05,1.0,16,16,16
2,0,0.4,0.060000000000000005,1.0,15,15,15
2,0,0.4,0.06999999999999999,1.0,18,18,15
2,0,0.4,0.08,1.0,15,15,15
2,0,0.4,0.09,1.0,16,22,15
2,0,0.4,0.09999999999999999,0.0,18,24,14
2,0,0.4,0.11,0.0,16,16,14
2,0,0.4,0.12,0.0,16,16,14
2,0,0.4,0.13,0.0,16,16,14
2,0,0.4,0.14,0.0,14,16,14
2,0,0.4,0.15000000000000002,0.0,16,20,14
2,0,0.4,0.16,0.5,16,16,13
2,0,0.4,0.17,0.5,18,16,13
2,0,0.4,0.18000000000000002,0.0,20,18,13
2,0,0.4,0.19,0.0,14,12,12
2,0,0.4,0.2,0.0,14,12,12
2,0,0.5,0.01,1.0,16,16,15
2,0,0.5,0.02,1.0,16,18,15
2,0,0.5,0.03,1.0,16,22,15
2,0,0.5,0.04,1.0,16,16,15
2,0,0.5,0.05,1.0,16,16,16
2,0,0.5,0.060000000000000005,1.0,16,16,15
2,0,0.5,0.06999999999999999,1.0,16,16,15
2,0,0.5,0.08,1.0,15,15,15
2,0,0.5,0.09,1.0,16,22,15
2,0,0.5,0.09999999999999999,1.0,20,18,14
2,0,0.5,0.11,1.0,16,16,14
2,0,0.5,0.12,1.0,16,16,14
2,0,0.5,0.13,1.0,14,22,14
2,0,0.5,0.14,1.0,16,16,15
2,0,0.5,0.15000000000000002,0.0,18,24,14
2,0,0.5,0.16,0.5,14,14,12
2,0,0.5,0.17,1.0,16,20,14
2,0,0.5,0.18000000000000002,1.0,16,18,14
2,0,0.5,0.19,0.5,17,21,13
2,0,0.5,0.2,0.5,15,14,13
2,0,0.6000000000000001,0.01,1.0,16,18,15
2,0,0.6000000000000001,0.02,1.0,16,16,15
2,0,0.6000000000000001,0.03,1.0,16,16,15
2,0,0.6000000000000001,0.04,1.0,16,16,15
2,0,0.6000000000000001,0.05,1.0,16,16,16
2,0,0.6000000000000001,0.060000000000000005,1.0,16,18,15
2,0,0.6000000000000001,0.06999999999999999,1.0,20,18,15
2,0,0.6000000000000001,0.08,1.0,15,15,15
2,0,0.6000000000000001,0.09,1.0,16,18,15
2,0,0.6000000000000001,0.09999999999999999,1.0,16,18,14
2,0,0.6000000000000001,0.11,1.0,16,20,14
2,0,0.6000000000000001,0.12,1.0,16,20,15
2,0,0.6000000000000001,0.13,0.0,16,18,14
2,0,0.6000000000000001,0.14,1.0,16,16,15
2,0,0.6000000000000001,0.15000000000000002,1.0,22,24,14
2,0,0.6000000000000001,0.16,1.0,16,20,14
2,0,0.6000000000000001,0.17,0.5,1,1,1
2,0,0.6000000000000001,0.18000000000000002,0.0,16,18,14
2,0,0.6000000000000001,0.19,0.5,12,14,12
2,0,0.6000000000000001,0.2,0.5,15,18,13
2,0,0.7000000000000001,0.01,1.0,16,18,15
2,0,0.7000000000000001,0.02,1.0,16,16,15
2,0,0.7000000000000001,0.03,1.0,16,18,15
2,0,0.7000000000000001,0.04,1.0,18,18,15
2,0,0.7000000000000001,0.05,1.0,18,18,15
2,0,0.7000000000000001,0.060000000000000005,1.0,16,16,15
2,0,0.7000000000000001,0.06999999999999999,1.0,16,18,15
2,0,0.7000000000000001,0.08,1.0,16,16,15
2,0,0.7000000000000001,0.09,1.0,18,18,15
2,0,0.7000000000000001,0.09999999999999999,1.0,16,20,14
2,0,0.7000000000000001,0.11,1.0,16,18,15
2,0,0.7000000000000001,0.12,0.0,20,18,14
2,0,0.7000000000000001,0.13,1.0,16,20,14
2,0,0.7000000000000001,0.14,0.0,14,14,13
2,0,0.7000000000000001,0.15000000000000002,1.0,16,20,14
2,0,0.7000000000000001,0.16,1.0,16,20,14
2,0,0.7000000000000001,0.17,0.5,14,22,13
2,0,0.7000000000000001,0.18000000000000002,0.0,14,18,12
2,0,0.7000000000000001,0.19,0.5,19,27,13
2,0,0.7000000000000001,0.2,0.0,14,14,13
2,0,0.8,0.01,1.0,18,24,15
2,0,0.8,0.02,1.0,16,16,16
2,0,0.8,0.03,1.0,16,16,16
2,0,0.8,0.04,1.0,16,16,15
2,0,0.8,0.05,1.0,20,18,15
2,0,0.8,0.060000000000000005,1.0,16,22,15
2,0,0.8,0.06999999999999999,1.0,16,16,15
2,0,0.8,0.08,1.0,16,22,15
2,0,0.8,0.09,1.0,18,18,15
2,0,0.8,0.09999999999999999,1.0,15,17,14
2,0,0.8,0.11,1.0,18,22,14
2,0,0.8,0.12,1.0,15,15,14
2,0,0.8,0.13,1.0,15,15,14
2,0,0.8,0.14,1.0,20,18,14
2,0,0.8,0.15000000000000002,0.0,16,14,14
2,0,0.8,0.16,1.0,17,19,13
2,0,0.8,0.17,1.0,15,17,13
2,0,0.8,0.18000000000000002,0.0,16,34,13
2,0,0.8,0.19,0.5,16,16,13
2,0,0.8,0.2,0.0,13,15,13
2,0,0.9,0.01,1.0,16,20,15
2,0,0.9,0.02,1.0,16,16,15
2,0,0.9,0.03,1.0,20,18,15
2,0,0.9,0.04,1.0,16,18,15
2,0,0.9,0.05,1.0,16,18,15
2,0,0.9,0.060000000000000005,1.0,18,24,15
2,0,0.9,0.06999999999999999,1.0,18,18,15
2,0,0.9,0.08,1.0,16,16,15
2,0,0.9,0.09,1.0,18,24,15
2,0,0.9,0.09999999999999999,0.0,1,1,1
2,0,0.9,0.11,1.0,16,24,14
2,0,0.9,0.12,0.0,14,14,14
2,0,0.9,0.13,0.0,14,16,13
2,0,0.9,0.14,1.0,16,16,15
2,0,0.9,0.15000000000000002,0.0,20,26,14
2,0,0.9,0.16,0.5,18,20,13
2,0,0.9,0.17,1.0,17,21,13
2,0,0.9,0.18000000000000002,0.0,24,16,13
2,0,0.9,0.19,0.0,20,18,13
2,0,0.9,0.2,1.0,16,18,14
2,0,1.0,0.01,1.0,18,24,15
2,0,1.0,0.02,1.0,16,20,15
2,0,1.0,0.03,1.0,18,24,15
2,0,1.0,0.04,1.0,16,20,15
2,0,1.0,0.05,1.0,16,16,15
2,0,1.0,0.060000000000000005,1.0,16,22,15
2,0,1.0,0.06999999999999999,1.0,16,22,15
2,0,1.0,0.08,1.0,16,16,15
2,0,1.0,0.09,1.0,16,16,15
2,0,1.0,0.09999999999999999,1.0,16,22,15
2,0,1.0,0.11,1.0,15,15,14
2,0,1.0,0.12,1.0,16,16,14
2,0,1.0,0.13,1.0,18,24,14
2,0,1.0,0.14,1.0,15,17,14
2,0,1.0,0.15000000000000002,1.0,16,18,15
2,0,1.0,0.16,0.0,20,18,13
2,0,1.0,0.17,1.0,15,15,14
2,0,1.0,0.18000000000000002,0.5,16,16,13
2,0,1.0,0.19,0.0,22,20,13
2,0,1.0,0.2,0.0,14,16,13
2,1,0.0,0.01,1.0,16,16,15
2,1,0.0,0.02,1.0,16,18,15
2,1,0.0,0.03,1.0,16,18,15
2,1,0.0,0.04,1.0,16,18,15
2,1,0.0,0.05,1.0,16,16,15
2,1,0.0,0.060000000000000005,1.0,16,16,15
2,1,0.0,0.06999999999999999,1.0,16,18,15
2,1,0.0,0.08,1.0,16,18,15
2,1,0.0,0.09,1.0,16,22,15
2,1,0.0,0.09999999999999999,0.0,18,24,14
2,1,0.0,0.11,1.0,16,18,15
2,1,0.0,0.12,0.0,22,16,14
2,1,0.0,0.13,0.0,20,26,14
2,1,0.0,0.14,1.0,16,22,15
2,1,0.0,0.15000000000000002,0.0,14,22,14
2,1,0.0,0.16,0.0,22,20,13
2,1,0.0,0.17,0.0,16,22,12
2,1,0.0,0.18000000000000002,0.0,18,16,13
2,1,0.0,0.19,0.0,14,16,14
2,1,0.0,0.2,0.0,20,20,13
2,1,0.1,0.01,1.0,16,16,15
2,1,0.1,0.02,1.0,20,18,15
2,1,0.1,0.03,1.0,16,18,15
2,1,0.1,0.04,1.0,16,16,15
2,1,0.1,0.05,1.0,16,16,15
2,1,0.1,0.060000000000000005,1.0,16,16,16
2,1,0.1,0.06999999999999999,1.0,20,18,15
2,1,0.1,0.08,1.0,16,18,15
2,1,0.1,0.09,1.0,16,16,16
2,1,0.1,0.09999999999999999,0.0,18,24,14
2,1,0.1,0.11,0.0,19,17,14
2,1,0.1,0.12,0.0,14,22,14
2,1,0.1,0.13,0.0,14,14,14
2,1,0.1,0.14,0.0,18,24,14
2,1,0.1,0.15000000000000002,0.0,22,16,14
2,1,0.1,0.16,0.0,14,16,13
2,1,0.1,0.17,0.0,18,16,13
2,1,0.1,0.18000000000000002,0.0,14,18,12
2,1,0.1,0.19,0.0,16,28,14
2,1,0.1,0.2,0.0,1,1,1
2,1,0.2,0.01,1.0,16,18,15
2,1,0.2,0.02,1.0,16,16,15
2,1,0.2,0.03,1.0,20,18,15
2,1,0.2,0.04,1.0,16,22,15
2,1,0.2,0.05,1.0,16,20,15
2,1,0.2,0.060000000000000005,1.0,16,16,15
2,1,0.2,0.06999999999999999,1.0,20,18,15
2,1,0.2,0.08,1.0,16,16,15
2,1,0.2,0.09,1.0,16,16,15
2,1,0.2,0.09999999999999999,0.0,14,15,14
2,1,0.2,0.11,0.0,16,28,14
2,1,0.2,0.12,0.0,14,14,13
2,1,0.2,0.13,0.0,14,14,13
2,1,0.2,0.14,0.0,14,14,14
2,1,0.2,0.15000000000000002,0.0,14,14,13
2,1,0.2,0.16,0.0,14,14,13
2,1,0.2,0.17,0.0,14,22,14
2,1,0.2,0.18000000000000002,0.0,20,20,13
2,1,0.2,0.19,0.0,14,16,14
2,1,0.2,0.2,0.0,19,16,13
2,1,0.30000000000000004,0.01,1.0,16,16,15
2,1,0.30000000000000004,0.02,1.0,16,20,15
2,1,0.30000000000000004,0.03,1.0,15,15,15
2,1,0.30000000000000004,0.04,1.0,18,18,15
2,1,0.30000000000000004,0.05,1.0,16,16,16
2,1,0.30000000000000004,0.060000000000000005,1.0,16,16,16
2,1,0.30000000000000004,0.06999999999999999,1.0,16,18,15
2,1,0.30000000000000004,0.08,1.0,16,18,15
2,1,0.30000000000000004,0.09,1.0,16,20,15
2,1,0.30000000000000004,0.09999999999999999,0.0,14,14,14
2,1,0.30000000000000004,0.11,0.0,20,26,14
2,1,0.30000000000000004,0.12,0.0,16,16,14
2,1,0.30000000000000004,0.13,0.0,16,18,14
2,1,0.30000000000000004,0.14,0.0,14,16,14
2,1,0.30000000000000004,0.15000000000000002,0.0,16,16,14
2,1,0.30000000000000004,0.16,0.5,22,16,13
2,1,0.30000000000000004,0.17,0.5,16,22,13
2,1,0.30000000000000004,0.18000000000000002,0.5,16,16,13
2,1,0.30000000000000004,0.19,0.0,14,13,13
2,1,0.30000000000000004,0.2,0.5,14,16,12
2,1,0.4,0.01,1.0,16,22,15
2,1,0.4,0.02,1.0,16,16,15
2,1,0.4,0.03,1.0,16,20,15
2,1,0.4,0.04,1.0,16,16,15
2,1,0.4,0.05,1.0,16,20,15
2,1,0.4,0.060000000000000005,1.0,16,18,15
2,1,0.4,0.06999999999999999,1.0,20,18,15
2,1,0.4,0.08,1.0,16,20,15
2,1,0.4,0.09,1.0,16,16,16
2,1,0.4,0.09999999999999999,0.0,18,24,14
2,1,0.4,0.11,0.0,14,16,13
2,1,0.4,0.12,0.0,16,16,14
2,1,0.4,0.13,0.0,20,18,14
2,1,0.4,0.14,0.0,20,18,14
2,1,0.4,0.15000000000000002,0.0,14,14,14
2,1,0.4,0.16,0.0,15,13,13
2,1,0.4,0.17,0.5,14,16,13
2,1,0.4,0.18000000000000002,0.5,14,14,13
2,1,0.4,0.19,0.0,20,20,13
2,1,0.4,0.2,0.5,18,24,13
2,1,0.5,0.01,1.0,15,15,15
2,1,0.5,0.02,1.0,16,22,15
2,1,0.5,0.03,1.0,16,16,16
2,1,0.5,0.04,1.0,16,22,15
2,1,0.5,0.05,1.0,16,18,15
2,1,0.5,0.060000000000000005,1.0,16,16,15
2,1,0.5,0.06999999999999999,1.0,16,20,15
2,1,0.5,0.08,1.0,18,18,15
2,1,0.5,0.09,1.0,16,18,15
2,1,0.5,0.09999999999999999,1.0,15,17,14
2,1,0.5,0.11,1.0,16,16,15
2,1,0.5,0.12,1.0,17,23,14
2,1,0.5,0.13,1.0,16,18,14
2,1,0.5,0.14,1.0,15,15,15
2,1,0.5,0.15000000000000002,1.0,15,17,14
2,1,0.5,0.16,0.0,16,34,13
2,1,0.5,0.17,0.5,16,18,13
2,1,0.5,0.18000000000000002,1.0,14,22,14
2,1,0.5,0.19,0.5,15,18,13
2,1,0.5,0.2,0.0,20,18,13
2,1,0.6000000000000001,0.01,1.0,16,22,15
2,1,0.6000000000000001,0.02,1.0,16,16,15
2,1,0.6000000000000001,0.03,1.0,16,18,15
2,1,0.6000000000000001,0.04,1.0,16,20,15
2,1,0.6000000000000001,0.05,1.0,16,16,15
2,1,0.6000000000000001,0.060000000000000005,1.0,16,22,15
2,1,0.6000000000000001,0.06999999999999999,1.0,15,15,15
2,1,0.6000000000000001,0.08,1.0,15,15,15
2,1,0.6000000000000001,0.09,1.0,16,18,15
2,1,0.6000000000000001,0.09999999999999999,1.0,16,18,14
2,1,0.6000000000000001,0.11,1.0,18,24,14
2,1,0.6000000000000001,0.12,0.0,14,14,14
2,1,0.6000000000000001,0.13,1.0,16,20,14
2,1,0.6000000000000001,0.14,1.0,20,18,14
2,1,0.6000000000000001,0.15000000000000002,1.0,15,17,14
2,1,0.6000000000000001,0.16,0.0,14,16,13
2,1,0.6000000000000001,0.17,0.5,16,18,13
2,1,0.6000000000000001,0.18000000000000002,0.0,20,18,13
2,1,0.6000000000000001,0.19,0.5,16,18,13
2,1,0.6000000000000001,0.2,0.0,14,16,13
2,1,0.7000000000000001,0.01,1.0,16,18,15
2,1,0.7000000000000001,0.02,1.0,16,16,15
2,1,0.7000000000000001,0.03,1.0,16,16,15
2,1,0.7000000000000001,0.04,1.0,16,20,15
2,1,0.7000000000000001,0.05,1.0,16,18,15
2,1,0.7000000000000001,0.060000000000000005,1.0,16,16,15
2,1,0.7000000000000001,0.06999999999999999,1.0,16,18,15
2,1,0.7000000000000001,0.08,1.0,16,18,15
2,1,0.7000000000000001,0.09,1.0,16,16,15
2,1,0.7000000000000001,0.09999999999999999,1.0,20,26,14
2,1,0.7000000000000001,0.11,1.0,16,18,14
2,1,0.7000000000000001,0.12,1.0,18,22,14
2,1,0.7000000000000001,0.13,0.0,20,28,14
2,1,0.7000000000000001,0.14,1.0,15,21,14
2,1,0.7000000000000001,0.15000000000000002,0.0,16,16,14
2,1,0.7000000000000001,0.16,0.0,12,14,12
2,1,0.7000000000000001,0.17,1.0,14,22,14
2,1,0.7000000000000001,0.18000000000000002,0.5,18,20,13
2,1,0.7000000000000001,0.19,0.5,1,1,1
2,1,0.7000000000000001,0.2,0.0,21,17,13
2,1,0.8,0.01,1.0,16,16,16
2,1,0.8,0.02,1.0,16,16,15
2,1,0.8,0.03,1.0,16,16,15
2,1,0.8,0.04,1.0,16,22,15
2,1,0.8,0.05,1.0,16,16,16
2,1,0.8,0.060000000000000005,1.0,16,16,15
2,1,0.8,0.06999999999999999,1.0,16,18,15
2,1,0.8,0.08,1.0,16,16,15
2,1,0.8,0.09,1.0,16,22,15
2,1,0.8,0.09999999999999999,0.0,14,16,14
2,1,0.8,0.11,1.0,16,22,14
2,1,0.8,0.12,0.0,16,20,14
2,1,0.8,0.13,1.0,16,22,14
2,1,0.8,0.14,1.0,16,16,14
2,1,0.8,0.15000000000000002,1.0,16,16,15
2,1,0.8,0.16,0.0,18,16,13
2,1,0.8,0.17,0.5,16,18,13
2,1,0.8,0.18000000000000002,0.5,14,20,13
2,1,0.8,0.19,0.5,14,16,13
2,1,0.8,0.2,0.0,12,12,10
2,1,0.9,0.01,1.0,16,16,15
2,1,0.9,0.02,1.0,18,18,15
2,1,0.9,0.03,1.0,16,16,15
2,1,0.9,0.04,1.0,20,18,15
2,1,0.9,0.05,1.0,15,15,15
2,1,0.9,0.060000000000000005,1.0,16,18,15
2,1,0.9,0.06999999999999999,1.0,16,16,15
2,1,0.9,0.08,1.0,15,15,15
2,1,0.9,0.09,1.0,20,18,15
2,1,0.9,0.09999999999999999,1.0,15,15,14
2,1,0.9,0.11,1.0,18,18,14
2,1,0.9,0.12,1.0,18,22,14
2,1,0.9,0.13,1.0,16,22,14
2,1,0.9,0.14,1.0,16,16,14
2,1,0.9,0.15000000000000002,1.0,15,17,14
2,1,0.9,0.16,0.5,18,18,13
2,1,0.9,0.17,0.5,16,20,13
2,1,0.9,0.18000000000000002,0.5,16,22,13
2,1,0.9,0.19,1.0,16,18,13
2,1,0.9,0.2,0.0,15,14,14
2,1,1.0,0.01,1.0,16,22,15
2,1,1.0,0.02,1.0,20,18,15
2,1,1.0,0.03,1.0,20,18,15
2,1,1.0,0.04,1.0,16,22,15
2,1,1.0,0.05,1.0,16,22,15
2,1,1.0,0.060000000000000005,1.0,16,18,15
2,1,1.0,0.06999999999999999,1.0,16,18,15
2,1,1.0,0.08,1.0,16,22,15
2,1,1.0,0.09,1.0,16,16,15
2,1,1.0,0.09999999999999999,1.0,16,16,14
2,1,1.0,0.11,0.0,14,14,13
2,1,1.0,0.12,0.0,19,17,14
2,1,1.0,0.13,1.0,15,17,14
2,1,1.0,0.14,0.0,14,14,13
2,1,1.0,0.15000000000000002,1.0,15,15,14
2,1,1.0,0.16,0.5,13,15,13
2,1,1.0,0.17,0.5,18,24,13
2,1,1.0,0.18000000000000002,1.0,18,18,14
2,1,1.0,0.19,0.5,14,22,13
2,1,1.0,0.2,1.0,15,17,13
3,0,0.0,0.01,1.0,66,70,63
3,0,0.0,0.02,1.0,66,80,63
3,0,0.0,0.03,0.0,64,70,62
3,0,0.0,0.04,0.0,72,82,61
3,0,0.0,0.05,0.0,64,62,60
3,0,0.0,0.060000000000000005,0.0,1,1,1
3,0,0.0,0.06999999999999999,0.0,62,68,60
3,0,0.0,0.08,0.0,68,78,59
3,0,0.0,0.09,0.0,76,74,58
3,0,0.0,0.09999999999999999,0.0,78,70,58
3,0,0.0,0.11,0.0,78,66,57
3,0,0.0,0.12,0.0,58,62,56
3,0,0.0,0.13,0.0,72,74,56
3,0,0.0,0.14,0.0,64,64,55
3,0,0.0,0.15000000000000002,0.0,76,74,53
3,0,0.0,0.16,0.0,56,51,51
3,0,0.0,0.17,0.0,72,66,53
3,0,0.0,0.18000000000000002,0.0,60,96,52
3,0,0.0,0.19,0.0,78,80,52
3,0,0.0,0.2,0.0,1,1,1
3,0,0.1,0.01,1.0,64,74,63
3,0,0.1,0.02,1.0,66,88,63
3,0,0.1,0.03,0.0,72,70,62
3,0,0.1,0.04,0.0,1,1,1
3,0,0.1,0.05,0.0,72,74,61
3,0,0.1,0.060000000000000005,0.0,69,77,60
3,0,0.1,0.06999999999999999,0.0,64,63,59
3,0,0.1,0.08,0.0,64,82,58
3,0,0.1,0.09,0.2,68,78,58
3,0,0.1,0.09999999999999999,0.2,68,76,58
3,0,0.1,0.11,0.16666666666666666,72,74,56
3,0,0.1,0.12,0.14285714285714285,70,72,56
3,0,0.1,0.13,0.14285714285714285,60,64,54
3,0,0.1,0.14,0.125,69,73,55
3,0,0.1,0.15000000000000002,0.1111111111111111,72,68,54
3,0,0.1,0.16,0.1111111111111111,60,56,52
3,0,0.1,0.17,0.1,68,66,51
3,0,0.1,0.18000000000000002,0.09090909090909091,58,80,51
3,0,0.1,0.19,0.0,58,56,51
3,0,0.1,0.2,0.08333333333333333,60,72,51
3,0,0.2,0.01,1.0,64,76,63
3,0,0.2,0.02,1.0,66,64,63
3,0,0.2,0.03,0.0,64,64,62
3,0,0.2,0.04,0.0,64,76,61
3,0,0.2,0.05,0.0,68,68,61
3,0,0.2,0.060000000000000005,0.3333333333333333,66,64,60
3,0,0.2,0.06999999999999999,0.3333333333333333,68,72,60
3,0,0.2,0.08,0.0,76,66,59
3,0,0.2,0.09,0.2,74,78,58
3,0,0.2,0.09999999999999999,0.2,64,66,58
3,0,0.2,0.11,0.16666666666666666,60,76,55
3,0,0.2,0.12,0.14285714285714285,72,78,56
3,0,0.2,0.13,0.14285714285714285,4,4,3
3,0,0.2,0.14,0.25,63,61,55
3,0,0.2,0.15000000000000002,0.25,66,74,54
3,0,0.2,0.16,0.1111111111111111,68,59,52
3,0,0.2,0.17,0.1,72,89,52
3,0,0.2,0.18000000000000002,0.18181818181818182,64,84,52
3,0,0.2,0.19,0.18181818181818182,60,74,52
3,0,0.2,0.2,0.16666666666666666,80,80,51
3,0,0.30000000000000004,0.01,1.0,64,86,63
3,0,0.30000000000000004,0.02,1.0,66,78,63
3,0,0.30000000000000004,0.03,0.0,68,86,62
3,0,0.30000000000000004,0.04,0.5,68,84,61
3,0,0.30000000000000004,0.05,0.5,67,65,61
3,0,0.30000000000000004,0.060000000000000005,0.3333333333333333,66,80,60
3,0,0.30000000000000004,0.06999999999999999,0.3333333333333333,66,68,60
3,0,0.30000000000000004,0.08,0.25,64,84,59
3,0,0.30000000000000004,0.09,0.2,69,63,57
3,0,0.30000000000000004,0.09999999999999999,0.2,64,84,58
3,0,0.30000000000000004,0.11,0.3333333333333333,72,92,57
3,0,0.30000000000000004,0.12,0.0,64,72,57
3,0,0.30000000000000004,0.13,0.2857142857142857,70,66,56
3,0,0.30000000000000004,0.14,0.14285714285714285,1,1,1
3,0,0.30000000000000004,0.15000000000000002,0.1111111111111111,74,94,54
3,0,0.30000000000000004,0.16,0.3333333333333333,64,76,53
3,0,0.30000000000000004,0.17,0.3,1,1,1
3,0,0.30000000000000004,0.18000000000000002,0.18181818181818182,74,78,52
3,0,0.30000000000000004,0.19,0.2727272727272727,71,69,52
3,0,0.30000000000000004,0.2,0.18181818181818182,65,80,49
3,0,0.4,0.01,1.0,64,76,63
3,0,0.4,0.02,1.0,64,86,63
3,0,0.4,0.03,0.0,68,64,62
3,0,0.4,0.04,0.5,66,66,61
3,0,0.4,0.05,0.5,64,68,61
3,0,0.4,0.060000000000000005,0.3333333333333333,62,60,60
3,0,0.4,0.06999999999999999,0.3333333333333333,62,76,60
3,0,0.4,0.08,0.0,68,80,59
3,0,0.4,0.09,0.2,68,84,58
3,0,0.4,0.09999999999999999,0.2,66,70,58
3,0,0.4,0.11,0.3333333333333333,70,76,57
3,0,0.4,0.12,0.14285714285714285,1,1,1
3,0,0.4,0.13,0.42857142857142855,74,88,56
3,0,0.4,0.14,0.25,72,70,55
3,0,0.4,0.15000000000000002,0.375,66,88,55
3,0,0.4,0.16,0.5,60,82,55
3,0,0.4,0.17,0.4,70,90,53
3,0,0.4,0.18000000000000002,0.36363636363636365,80,88,52
3,0,0.4,0.19,0.2727272727272727,60,80,52
3,0,0.4,0.2,0.3333333333333333,89,77,51
3,0,0.5,0.01,1.0,64,70,63
3,0,0.5,0.02,1.0,64,64,63
3,0,0.5,0.03,1.0,64,72,62
3,0,0.5,0.04,0.5,68,70,61
3,0,0.5,0.05,0.0,64,68,61
3,0,0.5,0.060000000000000005,0.3333333333333333,70,84,60
3,0,0.5,0.06999999999999999,0.3333333333333333,70,86,60
3,0,0.5,0.08,0.5,64,74,59
3,0,0.5,0.09,0.6,62,84,58
3,0,0.5,0.09999999999999999,0.6,68,84,58
3,0,0.5,0.11,0.3333333333333333,66,84,57
3,0,0.5,0.12,0.2857142857142857,72,82,56
3,0,0.5,0.13,0.2857142857142857,74,84,56
3,0,0.5,0.14,0.375,70,82,55
3,0,0.5,0.15000000000000002,0.3333333333333333,82,90,53
3,0,0.5,0.16,0.3333333333333333,90,94,54
3,0,0.5,0.17,0.4444444444444444,88,84,54
3,0,0.5,0.18000000000000002,0.2727272727272727,72,70,52
3,0,0.5,0.19,0.36363636363636365,62,88,50
3,0,0.5,0.2,0.18181818181818182,70,78,50
3,0,0.6000000000000001,0.01,1.0,64,64,63
3,0,0.6000000000000001,0.02,1.0,64,68,63
3,0,0.6000000000000001,0.03,1.0,64,66,62
3,0,0.6000000000000001,0.04,0.5,70,76,61
3,0,0.6000000000000001,0.05,0.5,64,80,61
3,0,0.6000000000000001,0.060000000000000005,0.6666666666666666,72,82,60
3,0,0.6000000000000001,0.06999999999999999,0.6666666666666666,64,78,60
3,0,0.6000000000000001,0.08,0.6666666666666666,64,76,60
3,0,0.6000000000000001,0.09,0.4,60,72,58
3,0,0.6000000000000001,0.09999999999999999,0.6,77,73,58
3,0,0.6000000000000001,0.11,0.6666666666666666,66,80,57
3,0,0.6000000000000001,0.12,0.5,66,82,57
3,0,0.6000000000000001,0.13,0.5714285714285714,74,82,56
3,0,0.6000000000000001,0.14,0.5,68,86,54
3,0,0.6000000000000001,0.15000000000000002,0.4444444444444444,74,70,54
3,0,0.6000000000000001,0.16,0.4444444444444444,68,92,54
3,0,0.6000000000000001,0.17,0.4,64,58,51
3,0,0.6000000000000001,0.18000000000000002,0.18181818181818182,62,76,51
3,0,0.6000000000000001,0.19,0.36363636363636365,80,77,51
3,0,0.6000000000000001,0.2,0.3333333333333333,74,78,51
3,0,0.7000000000000001,0.01,1.0,64,84,63
3,0,0.7000000000000001,0.02,1.0,64,74,63
3,0,0.7000000000000001,0.03,1.0,68,82,62
3,0,0.7000000000000001,0.04,0.5,62,82,61
3,0,0.7000000000000001,0.05,0.5,64,66,61
3,0,0.7000000000000001,0.060000000000000005,0.6666666666666666,66,70,60
3,0,0.7000000000000001,0.06999999999999999,0.3333333333333333,66,74,60
3,0,0.7000000000000001,0.08,0.5,64,88,59
3,0,0.7000000000000001,0.09,0.6,70,82,58
3,0,0.7000000000000001,0.09999999999999999,0.4,60,80,58
3,0,0.7000000000000001,0.11,0.5,70,78,57
3,0,0.7000000000000001,0.12,0.42857142857142855,68,74,56
3,0,0.7000000000000001,0.13,0.42857142857142855,63,73,55
3,0,0.7000000000000001,0.14,0.5,66,84,55
3,0,0.7000000000000001,0.15000000000000002,0.4444444444444444,60,88,54
3,0,0.7000000000000001,0.16,0.5555555555555556,81,77,54
3,0,0.7000000000000001,0.17,0.5555555555555556,82,76,54
3,0,0.7000000000000001,0.18000000000000002,0.45454545454545453,72,82,52
3,0,0.7000000000000001,0.19,0.2727272727272727,66,84,48
3,0,0.7000000000000001,0.2,0.5,68,72,49
3,0,0.8,0.01,1.0,63,63,63
3,0,0.8,0.02,1.0,64,64,64
3,0,0.8,0.03,1.0,66,82,62
3,0,0.8,0.04,1.0,72,86,61
3,0,0.8,0.05,1.0,69,81,61
3,0,0.8,0.060000000000000005,0.6666666666666666,1,1,1
3,0,0.8,0.06999999999999999,0.6666666666666666,72,82,60
3,0,0.8,0.08,0.25,62,72,55
3,0,0.8,0.09,0.6,68,80,58
3,0,0.8,0.09999999999999999,0.6,68,88,58
3,0,0.8,0.11,0.5,62,76,57
3,0,0.8,0.12,0.6666666666666666,64,74,56
3,0,0.8,0.13,0.5714285714285714,72,86,56
3,0,0.8,0.14,0.625,63,82,53
3,0,0.8,0.15000000000000002,0.4444444444444444,68,66,53
3,0,0.8,0.16,0.4444444444444444,76,80,54
3,0,0.8,0.17,0.6666666666666666,60,82,54
3,0,0.8,0.18000000000000002,0.3,76,94,53
3,0,0.8,0.19,0.2727272727272727,76,84,51
3,0,0.8,0.2,0.3333333333333333,74,70,49
3,0,0.9,0.01,1.0,64,80,63
3,0,0.9,0.02,1.0,64,66,63
3,0,0.9,0.03,1.0,64,70,62
3,0,0.9,0.04,0.5,70,72,61
3,0,0.9,0.05,0.5,66,80,61
3,0,0.9,0.060000000000000005,1.0,70,88,60
3,0,0.9,0.06999999999999999,0.3333333333333333,70,86,60
3,0,0.9,0.08,0.75,64,78,59
3,0,0.9,0.09,0.6,1,1,1
3,0,0.9,0.09999999999999999,0.6,66,88,58
3,0,0.9,0.11,0.5,63,77,57
3,0,0.9,0.12,0.2857142857142857,76,80,56
3,0,0.9,0.13,0.7142857142857143,68,84,56
3,0,0.9,0.14,0.625,66,77,54
3,0,0.9,0.15000000000000002,0.4444444444444444,74,72,54
3,0,0.9,0.16,0.6666666666666666,79,77,54
3,0,0.9,0.17,0.3,78,86,53
3,0,0.9,0.18000000000000002,0.36363636363636365,68,80,52
3,0,0.9,0.19,0.36363636363636365,86,76,51
3,0,0.9,0.2,0.5,73,77,51
3,0,1.0,0.01,1.0,64,70,63
3,0,1.0,0.02,1.0,63,63,63
3,0,1.0,0.03,1.0,64,86,62
3,0,1.0,0.04,1.0,66,78,61
3,0,1.0,0.05,1.0,66,80,61
3,0,1.0,0.060000000000000005,1.0,64,80,60
3,0,1.0,0.06999999999999999,0.6666666666666666,64,74,60
3,0,1.0,0.08,0.75,64,80,59
3,0,1.0,0.09,0.6,63,85,58
3,0,1.0,0.09999999999999999,0.6,64,76,58
3,0,1.0,0.11,1.0,73,79,57
3,0,1.0,0.12,0.42857142857142855,70,98,56
3,0,1.0,0.13,0.5714285714285714,78,72,56
3,0,1.0,0.14,0.375,78,88,55
3,0,1.0,0.15000000000000002,0.4444444444444444,78,82,54
3,0,1.0,0.16,0.4444444444444444,68,74,54
3,0,1.0,0.17,0.6,78,86,53
3,0,1.0,0.18000000000000002,0.5454545454545454,75,79,52
3,0,1.0,0.19,0.36363636363636365,68,72,49
3,0,1.0,0.2,0.4166666666666667,68,80,50
3,1,0.0,0.01,1.0,64,78,63
3,1,0.0,0.02,1.0,64,66,63
3,1,0.0,0.03,0.0,64,84,62
3,1,0.0,0.04,0.0,70,72,61
3,1,0.0,0.05,0.0,74,76,61
3,1,0.0,0.060000000000000005,0.0,64,76,60
3,1,0.0,0.06999999999999999,0.0,66,74,60
3,1,0.0,0.08,0.0,59,63,59
3,1,0.0,0.09,0.0,56,66,52
3,1,0.0,0.09999999999999999,0.0,68,84,58
3,1,0.0,0.11,0.0,90,70,57
3,1,0.0,0.12,0.0,76,74,56
3,1,0.0,0.13,0.0,73,63,55
3,1,0.0,0.14,0.0,56,57,55
3,1,0.0,0.15000000000000002,0.0,54,54,51
3,1,0.0,0.16,0.0,62,70,54
3,1,0.0,0.17,0.0,56,74,51
3,1,0.0,0.18000000000000002,0.0,56,56,50
3,1,0.0,0.19,0.0,113,81,52
3,1,0.0,0.2,0.0,70,58,50
3,1,0.1,0.01,1.0,64,70,63
3,1,0.1,0.02,1.0,66,66,63
3,1,0.1,0.03,0.0,68,66,62
3,1,0.1,0.04,0.0,62,62,61
3,1,0.1,0.05,0.0,68,82,61
3,1,0.1,0.060000000000000005,0.0,64,70,60
3,1,0.1,0.06999999999999999,0.0,64,86,59
3,1,0.1,0.08,0.0,70,62,59
3,1,0.1,0.09,0.2,1,1,1
3,1,0.1,0.09999999999999999,0.2,72,76,58
3,1,0.1,0.11,0.16666666666666666,64,76,57
3,1,0.1,0.12,0.14285714285714285,76,62,56
3,1,0.1,0.13,0.14285714285714285,66,88,56
3,1,0.1,0.14,0.125,72,86,55
3,1,0.1,0.15000000000000002,0.1111111111111111,78,72,54
3,1,0.1,0.16,0.1111111111111111,68,64,54
3,1,0.1,0.17,0.1,64,94,52
3,1,0.1,0.18000000000000002,0.09090909090909091,52,72,45
3,1,0.1,0.19,0.09090909090909091,64,62,52
3,1,0.1,0.2,0.08333333333333333,57,79,50
3,1,0.2,0.01,1.0,64,70,63
3,1,0.2,0.02,1.0,64,76,63
3,1,0.2,0.03,0.0,66,80,62
3,1,0.2,0.04,0.0,66,64,61
3,1,0.2,0.05,0.0,74,76,61
3,1,0.2,0.060000000000000005,0.3333333333333333,70,72,60
3,1,0.2,0.06999999999999999,0.3333333333333333,70,74,60
3,1,0.2,0.08,0.25,77,79,59
3,1,0.2,0.09,0.2,74,72,58
3,1,0.2,0.09999999999999999,0.2,76,90,58
3,1,0.2,0.11,0.0,65,78,56
3,1,0.2,0.12,0.14285714285714285,64,72,56
3,1,0.2,0.13,0.14285714285714285,58,60,56
3,1,0.2,0.14,0.25,60,74,55
3,1,0.2,0.15000000000000002,0.1111111111111111,70,84,54
3,1,0.2,0.16,0.2222222222222222,68,76,54
3,1,0.2,0.17,0.1,80,76,50
3,1,0.2,0.18000000000000002,0.18181818181818182,66,84,52
3,1,0.2,0.19,0.18181818181818182,64,76,52
3,1,0.2,0.2,0.0,68,76,51
3,1,0.30000000000000004,0.01,1.0,64,64,63
3,1,0.30000000000000004,0.02,1.0,64,70,63
3,1,0.30000000000000004,0.03,0.0,64,64,62
3,1,0.30000000000000004,0.04,0.5,70,86,61
3,1,0.30000000000000004,0.05,0.5,66,84,61
3,1,0.30000000000000004,0.060000000000000005,0.3333333333333333,68,84,60
3,1,0.30000000000000004,0.06999999999999999,0.3333333333333333,68,72,60
3,1,0.30000000000000004,0.08,0.25,66,76,59
3,1,0.30000000000000004,0.09,0.2,70,74,58
3,1,0.30000000000000004,0.09999999999999999,0.2,64,82,58
3,1,0.30000000000000004,0.11,0.3333333333333333,76,78,57
3,1,0.30000000000000004,0.12,0.2857142857142857,78,80,56
3,1,0.30000000000000004,0.13,0.2857142857142857,74,68,56
3,1,0.30000000000000004,0.14,0.25,72,92,55
3,1,0.30000000000000004,0.15000000000000002,0.3333333333333333,70,76,54
3,1,0.30000000000000004,0.16,0.3333333333333333,72,82,54
3,1,0.30000000000000004,0.17,0.1,70,70,53
3,1,0.30000000000000004,0.18000000000000002,0.3,74,74,53
3,1,0.30000000000000004,0.19,0.18181818181818182,67,71,48
3,1,0.30000000000000004,0.2,0.25,68,82,50
3,1,0.4,0.01,1.0,66,70,63
3,1,0.4,0.02,1.0,64,66,63
3,1,0.4,0.03,0.0,66,78,62
3,1,0.4,0.04,0.5,62,72,61
3,1,0.4,0.05,0.5,64,74,61
3,1,0.4,0.060000000000000005,0.3333333333333333,66,74,60
3,1,0.4,0.06999999999999999,0.3333333333333333,68,84,60
3,1,0.4,0.08,0.5,64,82,59
3,1,0.4,0.09,0.4,76,82,58
3,1,0.4,0.09999999999999999,0.0,74,84,58
3,1,0.4,0.11,0.3333333333333333,68,80,57
3,1,0.4,0.12,0.42857142857142855,72,84,56
3,1,0.4,0.13,0.5,68,86,57
3,1,0.4,0.14,0.375,90,92,55
3,1,0.4,0.15000000000000002,0.3333333333333333,60,74,54
3,1,0.4,0.16,0.2222222222222222,68,76,52
3,1,0.4,0.17,0.3,66,100,53
3,1,0.4,0.18000000000000002,0.18181818181818182,74,80,52
3,1,0.4,0.19,0.36363636363636365,68,70,52
3,1,0.4,0.2,0.25,88,78,51
3,1,0.5,0.01,1.0,64,64,63
3,1,0.5,0.02,1.0,66,66,63
3,1,0.5,0.03,1.0,66,66,62
3,1,0.5,0.04,0.5,62,80,61
3,1,0.5,0.05,0.5,68,82,61
3,1,0.5,0.060000000000000005,0.5,66,80,61
3,1,0.5,0.06999999999999999,0.3333333333333333,62,64,60
3,1,0.5,0.08,0.25,62,88,58
3,1,0.5,0.09,0.6,64,74,58
3,1,0.5,0.09999999999999999,0.4,69,81,58
3,1,0.5,0.11,0.6,64,82,58
3,1,0.5,0.12,0.2857142857142857,60,84,56
3,1,0.5,0.13,0.2857142857142857,74,70,55
3,1,0.5,0.14,0.375,74,82,55
3,1,0.5,0.15000000000000002,0.4444444444444444,72,82,54
3,1,0.5,0.16,0.3333333333333333,67,81,54
3,1,0.5,0.17,0.4,66,70,53
3,1,0.5,0.18000000000000002,0.18181818181818182,86,82,52
3,1,0.5,0.19,0.2727272727272727,76,80,52
3,1,0.5,0.2,0.25,84,78,51
3,1,0.6000000000000001,0.01,1.0,64,70,63
3,1,0.6000000000000001,0.02,1.0,64,66,63
3,1,0.6000000000000001,0.03,1.0,64,68,62
3,1,0.6000000000000001,0.04,0.5,70,72,61
3,1,0.6000000000000001,0.05,0.5,70,68,61
3,1,0.6000000000000001,0.060000000000000005,0.6666666666666666,76,72,60
3,1,0.6000000000000001,0.06999999999999999,0.6666666666666666,72,84,60
3,1,0.6000000000000001,0.08,0.5,65,61,59
3,1,0.6000000000000001,0.09,0.4,64,84,58
3,1,0.6000000000000001,0.09999999999999999,0.2,64,80,58
3,1,0.6000000000000001,0.11,0.6666666666666666,72,84,57
3,1,0.6000000000000001,0.12,0.5,65,81,57
3,1,0.6000000000000001,0.13,0.42857142857142855,76,82,56
3,1,0.6000000000000001,0.14,0.625,64,80,55
3,1,0.6000000000000001,0.15000000000000002,0.4444444444444444,76,72,53
3,1,0.6000000000000001,0.16,0.3333333333333333,60,80,54
3,1,0.6000000000000001,0.17,0.3,74,76,53
3,1,0.6000000000000001,0.18000000000000002,0.36363636363636365,1,1,1
3,1,0.6000000000000001,0.19,0.2727272727272727,87,81,52
3,1,0.6000000000000001,0.2,0.25,77,77,49
3,1,0.7000000000000001,0.01,1.0,64,84,63
3,1,0.7000000000000001,0.02,1.0,66,80,63
3,1,0.7000000000000001,0.03,1.0,66,72,62
3,1,0.7000000000000001,0.04,0.0,64,78,61
3,1,0.7000000000000001,0.05,0.5,72,84,61
3,1,0.7000000000000001,0.060000000000000005,0.6666666666666666,62,68,60
3,1,0.7000000000000001,0.06999999999999999,0.3333333333333333,74,66,60
3,1,0.7000000000000001,0.08,0.75,70,68,59
3,1,0.7000000000000001,0.09,0.6,76,82,58
3,1,0.7000000000000001,0.09999999999999999,0.6,62,78,58
3,1,0.7000000000000001,0.11,0.6666666666666666,76,82,57
3,1,0.7000000000000001,0.12,0.5714285714285714,76,84,56
3,1,0.7000000000000001,0.13,0.42857142857142855,68,76,56
3,1,0.7000000000000001,0.14,0.625,62,78,55
3,1,0.7000000000000001,0.15000000000000002,0.4444444444444444,64,88,54
3,1,0.7000000000000001,0.16,0.5555555555555556,72,80,54
3,1,0.7000000000000001,0.17,0.5,72,70,53
3,1,0.7000000000000001,0.18000000000000002,0.18181818181818182,76,74,51
3,1,0.7000000000000001,0.19,0.45454545454545453,60,68,50
3,1,0.7000000000000001,0.2,0.5,64,72,50
3,1,0.8,0.01,1.0,64,64,63
3,1,0.8,0.02,1.0,64,64,63
3,1,0.8,0.03,1.0,63,71,62
3,1,0.8,0.04,1.0,68,76,61
3,1,0.8,0.05,1.0,70,84,61
3,1,0.8,0.060000000000000005,0.0,74,78,60
3,1,0.8,0.06999999999999999,0.6666666666666666,62,66,60
3,1,0.8,0.08,0.5,62,73,59
3,1,0.8,0.09,0.6,72,70,58
3,1,0.8,0.09999999999999999,0.4,69,83,58
3,1,0.8,0.11,0.5,68,84,56
3,1,0.8,0.12,0.5714285714285714,68,76,56
3,1,0.8,0.13,0.5714285714285714,74,76,56
3,1,0.8,0.14,0.5,75,87,55
3,1,0.8,0.15000000000000002,0.6666666666666666,78,88,54
3,1,0.8,0.16,0.375,74,74,55
3,1,0.8,0.17,0.1,25,37,22
3,1,0.8,0.18000000000000002,0.6,68,78,53
3,1,0.8,0.19,0.2727272727272727,82,74,52
3,1,0.8,0.2,0.4166666666666667,63,84,49
3,1,0.9,0.01,1.0,66,88,63
3,1,0.9,0.02,1.0,64,76,63
3,1,0.9,0.03,1.0,70,74,62
3,1,0.9,0.04,0.5,64,80,61
3,1,0.9,0.05,0.5,64,78,61
3,1,0.9,0.060000000000000005,1.0,66,80,60
3,1,0.9,0.06999999999999999,1.0,68,88,60
3,1,0.9,0.08,0.6666666666666666,68,90,60
3,1,0.9,0.09,0.8,64,72,58
3,1,0.9,0.09999999999999999,0.6,72,82,58
3,1,0.9,0.11,0.4,80,78,58
3,1,0.9,0.12,0.2857142857142857,74,100,56
3,1,0.9,0.13,0.42857142857142855,64,76,56
3,1,0.9,0.14,0.42857142857142855,67,71,55
3,1,0.9,0.15000000000000002,0.5555555555555556,70,68,54
3,1,0.9,0.16,0.375,66,84,55
3,1,0.9,0.17,0.5,1,1,1
3,1,0.9,0.18000000000000002,0.6363636363636364,1,1,1
3,1,0.9,0.19,0.45454545454545453,74,80,52
3,1,0.9,0.2,0.75,70,94,51
3,1,1.0,0.01,1.0,64,80,63
3,1,1.0,0.02,1.0,68,78,63
3,1,1.0,0.03,1.0,68,74,62
3,1,1.0,0.04,0.5,68,74,61
3,1,1.0,0.05,1.0,65,67,61
3,1,1.0,0.060000000000000005,1.0,66,72,60
3,1,1.0,0.06999999999999999,0.6666666666666666,70,80,60
3,1,1.0,0.08,0.5,64,64,58
3,1,1.0,0.09,1.0,64,82,59
3,1,1.0,0.09999999999999999,0.6,76,86,58
3,1,1.0,0.11,0.8333333333333334,64,84,57
3,1,1.0,0.12,0.7142857142857143,63,71,56
3,1,1.0,0.13,0.7142857142857143,71,81,56
3,1,1.0,0.14,0.875,68,76,55
3,1,1.0,0.15000000000000002,0.5555555555555556,64,81,53
3,1,1.0,0.16,0.625,64,76,55
3,1,1.0,0.17,0.4,68,78,51
3,1,1.0,0.18000000000000002,0.36363636363636365,64,70,52
3,1,1.0,0.19,0.5454545454545454,67,75,52
3,1,1.0,0.2,0.5833333333333334,75,81,51
3,2,0.0,0.01,1.0,64,70,63
3,2,0.0,0.02,1.0,64,66,63
3,2,0.0,0.03,0.0,66,84,62
3,2,0.0,0.04,0.0,64,76,61
3,2,0.0,0.05,0.0,1,1,1
3,2,0.0,0.060000000000000005,0.0,60,74,59
3,2,0.0,0.06999999999999999,0.0,72,80,60
3,2,0.0,0.08,0.0,64,78,59
3,2,0.0,0.09,0.0,4,4,3
3,2,0.0,0.09999999999999999,0.0,1,1,1
3,2,0.0,0.11,0.0,66,78,57
3,2,0.0,0.12,0.0,58,58,56
3,2,0.0,0.13,0.0,66,62,56
3,2,0.0,0.14,0.0,58,58,51
3,2,0.0,0.15000000000000002,0.0,52,52,52
3,2,0.0,0.16,0.0,1,1,1
3,2,0.0,0.17,0.0,68,80,49
3,2,0.0,0.18000000000000002,0.0,1,1,1
3,2,0.0,0.19,0.0,66,72,49
3,2,0.0,0.2,0.0,58,58,51
3,2,0.1,0.01,1.0,64,78,63
3,2,0.1,0.02,1.0,64,66,63
3,2,0.1,0.03,0.0,64,84,62
3,2,0.1,0.04,0.0,64,86,61
3,2,0.1,0.05,0.0,62,62,61
3,2,0.1,0.060000000000000005,0.0,74,68,60
3,2,0.1,0.06999999999999999,0.0,74,72,60
3,2,0.1,0.08,0.0,68,66,59
3,2,0.1,0.09,0.2,64,68,58
3,2,0.1,0.09999999999999999,0.2,76,74,58
3,2,0.1,0.11,0.16666666666666666,74,74,57
3,2,0.1,0.12,0.16666666666666666,68,84,57
3,2,0.1,0.13,0.0,70,88,56
3,2,0.1,0.14,0.125,58,72,55
3,2,0.1,0.15000000000000002,0.0,58,72,54
3,2,0.1,0.16,0.1111111111111111,72,80,54
3,2,0.1,0.17,0.1,78,78,53
3,2,0.1,0.18000000000000002,0.09090909090909091,60,80,50
3,2,0.1,0.19,0.09090909090909091,68,78,50
3,2,0.1,0.2,0.0,70,64,49
3,2,0.2,0.01,1.0,64,76,63
3,2,0.2,0.02,1.0,64,64,63
3,2,0.2,0.03,0.0,72,74,62
3,2,0.2,0.04,0.0,80,70,61
3,2,0.2,0.05,0.0,62,66,61
3,2,0.2,0.060000000000000005,0.3333333333333333,62,70,60
3,2,0.2,0.06999999999999999,0.3333333333333333,68,72,60
3,2,0.2,0.08,0.0,76,80,59
3,2,0.2,0.09,0.2,60,90,57
3,2,0.2,0.09999999999999999,0.2,72,74,58
3,2,0.2,0.11,0.16666666666666666,60,78,56
3,2,0.2,0.12,0.14285714285714285,62,82,56
3,2,0.2,0.13,0.14285714285714285,72,64,56
3,2,0.2,0.14,0.125,74,76,54
3,2,0.2,0.15000000000000002,0.2222222222222222,69,71,51
3,2,0.2,0.16,0.1111111111111111,82,70,54
3,2,0.2,0.17,0.1,70,80,53
3,2,0.2,0.18000000000000002,0.18181818181818182,84,82,52
3,2,0.2,0.19,0.18181818181818182,62,70,52
3,2,0.2,0.2,0.08333333333333333,72,57,49
3,2,0.30000000000000004,0.01,1.0,64,66,63
3,2,0.30000000000000004,0.02,1.0,64,64,63
3,2,0.30000000000000004,0.03,0.0,68,66,62
3,2,0.30000000000000004,0.04,0.5,66,70,61
3,2,0.30000000000000004,0.05,0.5,68,78,61
3,2,0.30000000000000004,0.060000000000000005,0.3333333333333333,68,86,60
3,2,0.30000000000000004,0.06999999999999999,0.3333333333333333,72,80,60
3,2,0.30000000000000004,0.08,0.25,62,78,59
3,2,0.30000000000000004,0.09,0.2,62,82,58
3,2,0.30000000000000004,0.09999999999999999,0.0,70,76,58
3,2,0.30000000000000004,0.11,0.16666666666666666,88,82,57
3,2,0.30000000000000004,0.12,0.2857142857142857,66,84,56
3,2,0.30000000000000004,0.13,0.2857142857142857,67,73,56
3,2,0.30000000000000004,0.14,0.25,64,70,55
3,2,0.30000000000000004,0.15000000000000002,0.2222222222222222,74,82,54
3,2,0.30000000000000004,0.16,0.3333333333333333,72,78,54
3,2,0.30000000000000004,0.17,0.3,82,80,53
3,2,0.30000000000000004,0.18000000000000002,0.3,72,70,53
3,2,0.30000000000000004,0.19,0.18181818181818182,68,64,52
3,2,0.30000000000000004,0.2,0.25,62,74,51
3,2,0.4,0.01,1.0,64,68,63
3,2,0.4,0.02,1.0,68,66,63
3,2,0.4,0.03,0.0,70,80,62
3,2,0.4,0.04,0.5,62,78,61
3,2,0.4,0.05,0.5,70,66,61
3,2,0.4,0.060000000000000005,0.0,76,86,60
3,2,0.4,0.06999999999999999,0.0,62,66,60
3,2,0.4,0.08,0.5,66,72,59
3,2,0.4,0.09,0.2,62,84,58
3,2,0.4,0.09999999999999999,0.4,66,80,58
3,2,0.4,0.11,0.3333333333333333,70,94,57
3,2,0.4,0.12,0.14285714285714285,74,80,56
3,2,0.4,0.13,0.2857142857142857,62,78,55
3,2,0.4,0.14,0.25,64,90,55
3,2,0.4,0.15000000000000002,0.4444444444444444,1,1,1
3,2,0.4,0.16,0.1111111111111111,4,4,4
3,2,0.4,0.17,0.4,74,84,53
3,2,0.4,0.18000000000000002,0.2727272727272727,60,66,52
3,2,0.4,0.19,0.2727272727272727,82,78,52
3,2,0.4,0.2,0.45454545454545453,80,88,52
3,2,0.5,0.01,1.0,64,66,63
3,2,0.5,0.02,1.0,64,68,63
3,2,0.5,0.03,1.0,64,84,63
3,2,0.5,0.04,0.5,65,75,61
3,2,0.5,0.05,0.0,62,74,62
3,2,0.5,0.060000000000000005,0.5,66,84,61
3,2,0.5,0.06999999999999999,0.3333333333333333,63,73,60
3,2,0.5,0.08,0.5,70,76,59
3,2,0.5,0.09,0.6,66,68,58
3,2,0.5,0.09999999999999999,0.4,76,80,58
3,2,0.5,0.11,0.3333333333333333,66,74,57
3,2,0.5,0.12,0.42857142857142855,78,90,56
3,2,0.5,0.13,0.42857142857142855,1,1,1
3,2,0.5,0.14,0.125,70,82,55
3,2,0.5,0.15000000000000002,0.375,84,82,55
3,2,0.5,0.16,0.4444444444444444,74,78,54
3,2,0.5,0.17,0.4,56,72,51
3,2,0.5,0.18000000000000002,0.45454545454545453,90,84,52
3,2,0.5,0.19,0.45454545454545453,74,76,51
3,2,0.5,0.2,0.4166666666666667,70,69,51
3,2,0.6000000000000001,0.01,1.0,64,84,63
3,2,0.6000000000000001,0.02,1.0,64,68,63
3,2,0.6000000000000001,0.03,0.0,64,64,62
3,2,0.6000000000000001,0.04,0.5,68,86,61
3,2,0.6000000000000001,0.05,0.5,64,64,61
3,2,0.6000000000000001,0.060000000000000005,0.6666666666666666,66,76,60
3,2,0.6000000000000001,0.06999999999999999,0.6666666666666666,64,66,60
3,2,0.6000000000000001,0.08,0.25,68,86,59
3,2,0.6000000000000001,0.09,0.6,70,78,58
3,2,0.6000000000000001,0.09999999999999999,0.4,70,82,58
3,2,0.6000000000000001,0.11,0.3333333333333333,62,76,54
3,2,0.6000000000000001,0.12,0.0,70,72,56
3,2,0.6000000000000001,0.13,0.5714285714285714,70,92,56
3,2,0.6000000000000001,0.14,0.25,70,84,55
3,2,0.6000000000000001,0.15000000000000002,0.3333333333333333,76,82,54
3,2,0.6000000000000001,0.16,0.4444444444444444,88,82,54
3,2,0.6000000000000001,0.17,0.4,1,1,1
3,2,0.6000000000000001,0.18000000000000002,0.5,74,76,53
3,2,0.6000000000000001,0.19,0.6363636363636364,74,80,52
3,2,0.6000000000000001,0.2,0.3333333333333333,65,63,50
3,2,0.7000000000000001,0.01,1.0,64,66,63
3,2,0.7000000000000001,0.02,1.0,68,66,63
3,2,0.7000000000000001,0.03,1.0,64,70,62
3,2,0.7000000000000001,0.04,0.5,68,88,61
3,2,0.7000000000000001,0.05,0.5,62,74,61
3,2,0.7000000000000001,0.060000000000000005,0.6666666666666666,66,90,60
3,2,0.7000000000000001,0.06999999999999999,0.6666666666666666,66,80,60
3,2,0.7000000000000001,0.08,0.75,62,80,59
3,2,0.7000000000000001,0.09,0.4,62,78,58
3,2,0.7000000000000001,0.09999999999999999,0.6,66,92,58
3,2,0.7000000000000001,0.11,0.6666666666666666,72,78,57
3,2,0.7000000000000001,0.12,0.5714285714285714,70,84,56
3,2,0.7000000000000001,0.13,0.5,76,70,57
3,2,0.7000000000000001,0.14,0.625,74,72,55
3,2,0.7000000000000001,0.15000000000000002,0.375,70,82,55
3,2,0.7000000000000001,0.16,0.5555555555555556,76,78,54
3,2,0.7000000000000001,0.17,0.4,72,86,53
3,2,0.7000000000000001,0.18000000000000002,0.36363636363636365,68,78,52
3,2,0.7000000000000001,0.19,0.45454545454545453,1,1,1
3,2,0.7000000000000001,0.2,0.4166666666666667,66,84,51
3,2,0.8,0.01,1.0,64,74,63
3,2,0.8,0.02,1.0,64,84,63
3,2,0.8,0.03,1.0,64,72,62
3,2,0.8,0.04,1.0,66,74,61
3,2,0.8,0.05,0.5,62,76,61
3,2,0.8,0.060000000000000005,0.3333333333333333,72,80,60
3,2,0.8,0.06999999999999999,0.6666666666666666,66,74,60
3,2,0.8,0.08,0.75,68,84,59
3,2,0.8,0.09,0.6,70,74,58
3,2,0.8,0.09999999999999999,0.4,64,70,58
3,2,0.8,0.11,0.3333333333333333,67,75,57
3,2,0.8,0.12,0.42857142857142855,66,90,56
3,2,0.8,0.13,0.14285714285714285,68,88,56
3,2,0.8,0.14,0.375,67,79,55
3,2,0.8,0.15000000000000002,0.6666666666666666,68,90,54
3,2,0.8,0.16,0.5555555555555556,68,96,54
3,2,0.8,0.17,0.4444444444444444,64,74,53
3,2,0.8,0.18000000000000002,0.5454545454545454,74,82,52
3,2,0.8,0.19,0.36363636363636365,57,63,48
3,2,0.8,0.2,0.25,80,78,51
3,2,0.9,0.01,1.0,68,74,63
3,2,0.9,0.02,1.0,64,74,63
3,2,0.9,0.03,1.0,68,68,62
3,2,0.9,0.04,0.5,66,70,61
3,2,0.9,0.05,0.5,62,76,61
3,2,0.9,0.060000000000000005,1.0,66,84,60
3,2,0.9,0.06999999999999999,1.0,72,86,60
3,2,0.9,0.08,0.6666666666666666,68,74,60
3,2,0.9,0.09,0.4,66,82,58
3,2,0.9,0.09999999999999999,0.4,70,88,58
3,2,0.9,0.11,0.5,70,82,57
3,2,0.9,0.12,0.5714285714285714,64,76,56
3,2,0.9,0.13,0.5714285714285714,64,82,56
3,2,0.9,0.14,0.5,84,74,55
3,2,0.9,0.15000000000000002,0.5555555555555556,72,78,54
3,2,0.9,0.16,0.3333333333333333,66,80,54
3,2,0.9,0.17,0.3,78,86,53
3,2,0.9,0.18000000000000002,0.45454545454545453,78,90,52
3,2,0.9,0.19,0.45454545454545453,76,88,52
3,2,0.9,0.2,0.4166666666666667,74,74,51
3,2,1.0,0.01,1.0,64,64,63
3,2,1.0,0.02,1.0,64,66,63
3,2,1.0,0.03,1.0,64,80,62
3,2,1.0,0.04,1.0,64,64,61
3,2,1.0,0.05,0.5,66,84,61
3,2,1.0,0.060000000000000005,0.3333333333333333,72,80,60
3,2,1.0,0.06999999999999999,0.6666666666666666,66,76,60
3,2,1.0,0.08,0.75,74,80,59
3,2,1.0,0.09,0.6,66,84,58
3,2,1.0,0.09999999999999999,0.6,68,76,58
3,2,1.0,0.11,0.8,64,96,58
3,2,1.0,0.12,0.7142857142857143,68,76,56
3,2,1.0,0.13,0.7142857142857143,72,78,56
3,2,1.0,0.14,0.625,74,74,55
3,2,1.0,0.15000000000000002,0.4444444444444444,58,75,50
3,2,1.0,0.16,0.5555555555555556,68,82,54
3,2,1.0,0.17,0.5,86,82,52
3,2,1.0,0.18000000000000002,0.36363636363636365,80,84,52
3,2,1.0,0.19,0.6363636363636364,70,76,52
3,2,1.0,0.2,0.5454545454545454,82,80,52
4,0,0.0,0.01,0.0,260,278,253
4,0,0.0,0.02,0.0,270,258,251
4,0,0.0,0.03,0.0,254,280,247
4,0,0.0,0.04,0.0,262,258,246
4,0,0.0,0.05,0.0,250,306,242
4,0,0.0,0.060000000000000005,0.0,252,256,241
4,0,0.0,0.06999999999999999,0.0,260,302,237
4,0,0.0,0.08,0.0,248,300,235
4,0,0.0,0.09,0.0,264,274,232
4,0,0.0,0.09999999999999999,0.0,272,274,226
4,0,0.0,0.11,0.0,244,286,228
4,0,0.0,0.12,0.0,246,272,225
4,0,0.0,0.13,0.0,234,274,220
4,0,0.0,0.14,0.0,230,268,218
4,0,0.0,0.15000000000000002,0.0,222,274,199
4,0,0.0,0.16,0.0,1,1,1
4,0,0.0,0.17,0.0,248,276,212
4,0,0.0,0.18000000000000002,0.0,230,262,209
4,0,0.0,0.19,0.0,214,209,201
4,0,0.0,0.2,0.0,268,268,205
4,0,0.1,0.01,0.0,254,292,253
4,0,0.1,0.02,0.0,250,250,248
4,0,0.1,0.03,0.14285714285714285,272,292,248
4,0,0.1,0.04,0.1111111111111111,268,274,246
4,0,0.1,0.05,0.08333333333333333,270,306,243
4,0,0.1,0.060000000000000005,0.07142857142857142,260,304,241
4,0,0.1,0.06999999999999999,0.11764705882352941,252,326,236
4,0,0.1,0.08,0.10526315789473684,282,298,236
4,0,0.1,0.09,0.09523809523809523,1,1,1
4,0,0.1,0.09999999999999999,0.12,286,300,230
4,0,0.1,0.11,0.07407407407407407,258,308,227
4,0,0.1,0.12,0.1,272,306,225
4,0,0.1,0.13,0.09375,284,308,223
4,0,0.1,0.14,0.08571428571428572,284,248,220
4,0,0.1,0.15000000000000002,0.10810810810810811,278,286,218
4,0,0.1,0.16,0.1,278,262,215
4,0,0.1,0.17,0.09302325581395349,278,330,206
4,0,0.1,0.18000000000000002,0.09090909090909091,1,1,1
4,0,0.1,0.19,0.0625,288,292,203
4,0,0.1,0.2,0.1,256,246,204
4,0,0.2,0.01,0.0,264,282,253
4,0,0.2,0.02,0.25,264,274,251
4,0,0.2,0.03,0.14285714285714285,270,268,248
4,0,0.2,0.04,0.2222222222222222,270,264,246
4,0,0.2,0.05,0.16666666666666666,278,290,243
4,0,0.2,0.060000000000000005,0.21428571428571427,274,302,241
4,0,0.2,0.06999999999999999,0.17647058823529413,275,269,237
4,0,0.2,0.08,0.21052631578947367,278,276,236
4,0,0.2,0.09,0.18181818181818182,260,292,233
4,0,0.2,0.09999999999999999,0.2,264,302,229
4,0,0.2,0.11,0.18518518518518517,256,284,227
4,0,0.2,0.12,0.16666666666666666,286,270,225
4,0,0.2,0.13,0.1875,284,298,223
4,0,0.2,0.14,0.20588235294117646,276,288,219
4,0,0.2,0.15000000000000002,0.16216216216216217,286,324,218
4,0,0.2,0.16,0.2,264,306,214
4,0,0.2,0.17,0.20930232558139536,286,294,211
4,0,0.2,0.18000000000000002,0.15555555555555556,272,290,202
4,0,0.2,0.19,0.1875,286,302,206
4,0,0.2,0.2,0.16,282,274,205
4,0,0.30000000000000004,0.01,0.5,258,308,253
4,0,0.30000000000000004,0.02,0.25,278,292,251
4,0,0.30000000000000004,0.03,0.2857142857142857,264,300,248
4,0,0.30000000000000004,0.04,0.3333333333333333,272,334,246
4,0,0.30000000000000004,0.05,0.3333333333333333,266,290,243
4,0,0.30000000000000004,0.060000000000000005,0.2857142857142857,268,294,241
4,0,0.30000000000000004,0.06999999999999999,0.29411764705882354,296,304,238
4,0,0.30000000000000004,0.08,0.2631578947368421,264,334,233
4,0,0.30000000000000004,0.09,0.2727272727272727,280,304,233
4,0,0.30000000000000004,0.09999999999999999,0.24,288,318,230
4,0,0.30000000000000004,0.11,0.25925925925925924,300,304,228
4,0,0.30000000000000004,0.12,0.3103448275862069,1,1,1
4,0,0.30000000000000004,0.13,0.25,306,330,223
4,0,0.30000000000000004,0.14,0.22857142857142856,2,2,2
4,0,0.30000000000000004,0.15000000000000002,0.2972972972972973,294,324,217
4,0,0.30000000000000004,0.16,0.275,296,300,215
4,0,0.30000000000000004,0.17,0.27906976744186046,298,316,212
4,0,0.30000000000000004,0.18000000000000002,0.26666666666666666,274,309,203
4,0,0.30000000000000004,0.19,0.20833333333333334,338,310,207
4,0,0.30000000000000004,0.2,0.24,330,298,205
4,0,0.4,0.01,0.5,260,296,253
4,0,0.4,0.02,0.5,268,298,251
4,0,0.4,0.03,0.42857142857142855,264,314,248
4,0,0.4,0.04,0.3333333333333333,270,300,246
4,0,0.4,0.05,0.4166666666666667,276,294,243
4,0,0.4,0.060000000000000005,0.42857142857142855,284,310,241
4,0,0.4,0.06999999999999999,0.35294117647058826,266,326,238
4,0,0.4,0.08,0.42105263157894735,274,278,236
4,0,0.4,0.09,0.42857142857142855,1,1,1
4,0,0.4,0.09999999999999999,0.4166666666666667,274,304,231
4,0,0.4,0.11,0.37037037037037035,290,350,228
4,0,0.4,0.12,0.3333333333333333,284,328,225
4,0,0.4,0.13,0.3125,278,322,223
4,0,0.4,0.14,0.34285714285714286,300,274,219
4,0,0.4,0.15000000000000002,0.3611111111111111,1,1,1
4,0,0.4,0.16,0.325,286,341,215
4,0,0.4,0.17,0.37209302325581395,304,286,212
4,0,0.4,0.18000000000000002,0.3333333333333333,282,300,209
4,0,0.4,0.19,0.3125,306,326,207
4,0,0.4,0.2,0.26,338,322,203
4,0,0.5,0.01,0.5,268,278,253
4,0,0.5,0.02,0.5,262,314,251
4,0,0.5,0.03,0.2857142857142857,256,314,248
4,0,0.5,0.04,0.5555555555555556,272,298,246
4,0,0.5,0.05,0.5,280,310,243
4,0,0.5,0.060000000000000005,0.42857142857142855,278,308,241
4,0,0.5,0.06999999999999999,0.47058823529411764,292,299,238
4,0,0.5,0.08,0.47368421052631576,288,298,236
4,0,0.5,0.09,0.45454545454545453,286,322,233
4,0,0.5,0.09999999999999999,0.52,286,306,230
4,0,0.5,0.11,0.4074074074074074,304,370,228
4,0,0.5,0.12,0.4,288,340,225
4,0,0.5,0.13,0.375,294,324,223
4,0,0.5,0.14,0.37142857142857144,298,320,220
4,0,0.5,0.15000000000000002,0.40540540540540543,300,332,217
4,0,0.5,0.16,0.4,296,318,213
4,0,0.5,0.17,0.37209302325581395,308,306,211
4,0,0.5,0.18000000000000002,0.37777777777777777,302,310,210
4,0,0.5,0.19,0.375,316,306,204
4,0,0.5,0.2,0.38,290,312,205
4,0,0.6000000000000001,0.01,0.5,260,298,253
4,0,0.6000000000000001,0.02,0.5,262,300,251
4,0,0.6000000000000001,0.03,0.5714285714285714,258,286,248
4,0,0.6000000000000001,0.04,0.5555555555555556,258,304,246
4,0,0.6000000000000001,0.05,0.5833333333333334,268,298,243
4,0,0.6000000000000001,0.060000000000000005,0.5,280,328,241
4,0,0.6000000000000001,0.06999999999999999,0.5882352941176471,262,288,238
4,0,0.6000000000000001,0.08,0.5263157894736842,286,332,236
4,0,0.6000000000000001,0.09,0.4090909090909091,306,314,233
4,0,0.6000000000000001,0.09999999999999999,0.56,288,330,230
4,0,0.6000000000000001,0.11,0.4074074074074074,278,292,228
4,0,0.6000000000000001,0.12,0.4666666666666667,298,316,225
4,0,0.6000000000000001,0.13,0.375,296,304,223
4,0,0.6000000000000001,0.14,0.45714285714285713,288,352,220
4,0,0.6000000000000001,0.15000000000000002,0.43243243243243246,318,300,218
4,0,0.6000000000000001,0.16,0.46153846153846156,285,314,215
4,0,0.6000000000000001,0.17,0.4523809523809524,320,310,213
4,0,0.6000000000000001,0.18000000000000002,0.26666666666666666,306,302,209
4,0,0.6000000000000001,0.19,0.3125,292,316,206
4,0,0.6000000000000001,0.2,0.32,297,311,203
4,0,0.7000000000000001,0.01,0.5,260,320,253
4,0,0.7000000000000001,0.02,0.75,262,288,251
4,0,0.7000000000000001,0.03,0.7142857142857143,260,324,248
4,0,0.7000000000000001,0.04,0.6666666666666666,266,310,246
4,0,0.7000000000000001,0.05,0.5833333333333334,264,302,243
4,0,0.7000000000000001,0.060000000000000005,0.5714285714285714,262,320,240
4,0,0.7000000000000001,0.06999999999999999,0.6470588235294118,274,332,238
4,0,0.7000000000000001,0.08,0.47368421052631576,274,312,236
4,0,0.7000000000000001,0.09,0.5454545454545454,296,316,233
4,0,0.7000000000000001,0.09999999999999999,0.5,288,294,231
4,0,0.7000000000000001,0.11,0.5384615384615384,290,332,229
4,0,0.7000000000000001,0.12,0.5333333333333333,318,312,225
4,0,0.7000000000000001,0.13,0.53125,295,339,223
4,0,0.7000000000000001,0.14,0.42857142857142855,278,294,220
4,0,0.7000000000000001,0.15000000000000002,0.5135135135135135,300,304,218
4,0,0.7000000000000001,0.16,0.4,298,322,209
4,0,0.7000000000000001,0.17,0.46511627906976744,306,286,209
4,0,0.7000000000000001,0.18000000000000002,0.4090909090909091,344,304,211
4,0,0.7000000000000001,0.19,0.425531914893617,306,306,208
4,0,0.7000000000000001,0.2,0.46,327,317,205
4,0,0.8,0.01,1.0,264,284,253
4,0,0.8,0.02,0.75,256,290,251
4,0,0.8,0.03,0.8571428571428571,268,286,248
4,0,0.8,0.04,0.5555555555555556,266,322,246
4,0,0.8,0.05,0.8333333333333334,260,306,243
4,0,0.8,0.060000000000000005,0.5,262,308,240
4,0,0.8,0.06999999999999999,0.7058823529411765,274,310,238
4,0,0.8,0.08,0.47368421052631576,270,300,236
4,0,0.8,0.09,0.6363636363636364,258,312,232
4,0,0.8,0.09999999999999999,0.48,262,308,229
4,0,0.8,0.11,0.5925925925925926,278,278,228
4,0,0.8,0.12,0.5,292,282,225
4,0,0.8,0.13,0.5483870967741935,284,248,224
4,0,0.8,0.14,0.5714285714285714,283,295,219
4,0,0.8,0.15000000000000002,0.4444444444444444,304,298,219
4,0,0.8,0.16,0.5384615384615384,318,310,216
4,0,0.8,0.17,0.5348837209302325,320,336,212
4,0,0.8,0.18000000000000002,0.4666666666666667,312,300,210
4,0,0.8,0.19,0.40425531914893614,306,330,208
4,0,0.8,0.2,0.36,292,300,202
4,0,0.9,0.01,1.0,256,294,253
4,0,0.9,0.02,1.0,266,290,251
4,0,0.9,0.03,0.5714285714285714,266,300,248
4,0,0.9,0.04,0.6666666666666666,274,306,246
4,0,0.9,0.05,0.75,268,298,243
4,0,0.9,0.060000000000000005,0.7142857142857143,278,294,241
4,0,0.9,0.06999999999999999,0.7058823529411765,282,308,238
